risk_segment,target_win
High,0.5954773869346733
Low,0.6427184466019418
